ResponseId,name,first_name,job,phone_number,email,gender,age
R_20saC6NXGAf2cKh,Leonce Wisozk,Leonce,Licensed conveyancer,(264)270-0740,leonce@yahoo.com,male,18-34
R_aY8ZIgjERRCVNs1,Keeley Runolfsdottir PhD,Keeley,Community development worker,(267)617-1174x82180,keeley@me.com,male,55+
R_ezxOINugHmxqfu5,Alpheus Reichel,Alpheus,Physiological scientist,165-737-6140,alpheus@yahoo.com,female,55+
R_6flrQPbxQRst3x3,Jerrold Jakubowski,Jerrold,Banker,1-947-571-5607,jerrold@outlook.com,male,35-54
R_6heOtBfpDVsscvj,Gardner Zieme,Gardner,Pharmacologist,1-874-166-1170x5569,gardner@me.com,female,55+
R_d6hocgRCvVkiugt,Dr. Sherry Weber MD,Dr,"Nurse, adult",(017)633-0534,dr@me.com,male,35-54
R_2lWYaz3HQb2hOKx,Aydan Kuphal,Aydan,"Administrator, charities/voluntary organisations",155-602-1204x67404,aydan@outlook.com,male,35-54
R_6Ryj5MXCq4j41nv,Dr. Emerson Schaefer III,Dr,Intelligence analyst,560-299-8594x098,dr@hotmail.com,male,55+
R_br0SSN3vFGD7rzD,Mr. Esco Kling,Mr,Local government officer,04574561478,mr@gmail.com,female,35-54
R_6ESm9AFqo05fg2N,Mrs. Avis Bogisich PhD,Mrs,"Engineer, production",02396567641,mrs@me.com,male,18-34
R_0TA11HqQcjiAub3,Dr. Dillion O'Reilly PhD,Dr,"Copywriter, advertising",738.758.6182,dr@yahoo.com,male,55+
R_3DlzTqCnRTuhBsN,Trinity Schuster,Trinity,Sports administrator,+91(5)4518892951,trinity@gmail.com,male,35-54
R_dbau2Vo6jkJhMz3,Santiago Hand,Santiago,Product designer,996-860-2799,santiago@yahoo.com,female,35-54
R_7Omh3lG83jLXCjr,Dr. Tangela Greenholt,Dr,Dance movement psychotherapist,(864)826-1054,dr@gmail.com,male,55+
R_9XCOLKSpTaUdjXn,Isom Ruecker Jr.,Isom,"Engineer, building services",752-186-5073x3499,isom@hotmail.com,male,35-54
R_cwKETmupaZ1mtr7,Mr. Guthrie Lakin,Mr,Early years teacher,652-781-0567,mr@gmail.com,male,35-54
R_3I7kgIAiRukfHMN,Michael Becker,Michael,Clinical biochemist,(364)198-8958,michael@gmail.com,male,35-54
R_5opWcC4MRiBxc1f,Dr. Denzell Torphy,Dr,Neurosurgeon,1-219-760-6312x25723,dr@outlook.com,other,35-54
R_2r7SjzeB8pAAe0d,Hughes Dicki,Hughes,"Engineer, electrical",845.488.4771x254,hughes@gmail.com,male,55+
R_8vrJ5dLFNIq11Rj,Aurthur Kling,Aurthur,"Geologist, wellsite",1-999-216-6427,aurthur@me.com,prefer not to say,18-34
R_9ZZnSpWdtSfhKM5,Wells Parker,Wells,"Designer, fashion/clothing",1-255-811-5139,wells@hotmail.com,male,35-54
R_4J8mKgQE7wpXPuZ,Mr. Delvin Pagac,Mr,Financial planner,485-592-8625,mr@yahoo.com,female,55+
R_6QLEKRwM1XXQFKd,Ms. Imogene Abshire,Ms,"Engineer, manufacturing",158.488.2365,ms@hotmail.com,male,Under 18
R_0CXVmC0M1fzdrtH,Dr. Donta Emmerich Jr.,Dr,"Designer, industrial/product",1-268-382-2141,dr@yahoo.com,female,18-34
R_b0Xhu5tSCxm2akl,Lyric Doyle,Lyric,"Buyer, retail",(699)496-9916x507,lyric@gmail.com,other,18-34
R_aeKxsE3x3GDP5Ax,Shemar Pollich-Leuschke,Shemar,Banker,1-509-517-9235x9384,shemar@yahoo.com,male,55+
R_cAMx8EWymJeoUVn,Boysie Gislason-Hansen,Boysie,Estate manager/land agent,403-878-9859x0877,boysie@gmail.com,female,18-34
R_9FAAXmnQqYrNgP3,Lilly Thiel,Lilly,Logistics and distribution manager,(853)497-2981x107,lilly@me.com,male,35-54
R_eeLRWGTuH0tl9nD,Dr. Christoper Mitchell,Dr,Herpetologist,621-299-3935x0388,dr@me.com,male,35-54
R_1B2YZrLcAOhdsVv,Ronnie Parker,Ronnie,Community arts worker,(624)884-2839,ronnie@outlook.com,female,35-54
R_5gq7delijkbEzzf,Ms. Martine Dicki MD,Ms,Field trials officer,977-932-1097x62822,ms@yahoo.com,male,55+
R_553GKdua5ZZPjYp,Juanita Sauer,Juanita,Farm manager,(531)854-0347,juanita@gmail.com,male,55+
R_cAwHfN8atfTHmwR,Hansford Nikolaus,Hansford,"Editor, film/video",+14(7)7260243462,hansford@hotmail.com,male,18-34
R_7UtcVHQMg7MJYS9,Margarette Balistreri,Margarette,Magazine features editor,362.433.7354,margarette@outlook.com,male,18-34
R_5yChYDZR94mLG85,Miss Brandie Zulauf,Miss,Hospital doctor,928-451-3686,miss@gmail.com,male,35-54
R_6gIkb2cxoQjElmJ,Taniyah Schmidt,Taniyah,Barrister,305-698-5208x771,taniyah@hotmail.com,male,18-34
R_9HVwhcfNPdBAR4F,Mr. Douglas Blick,Mr,Games developer,653-554-5905x272,mr@outlook.com,male,55+
R_00L395siMDUC3Gt,Gidget Connelly,Gidget,Air traffic controller,(225)529-2192x77940,gidget@me.com,male,55+
R_1ZF1ganINc0ufE9,Brycen Wuckert,Brycen,Retail buyer,274.177.8783,brycen@hotmail.com,male,35-54
R_dgae6HN0JNZJzzT,Reba Monahan,Reba,Engineering geologist,718-316-5900,reba@me.com,male,18-34
R_4Zd9OanDrBEJX0x,Mr. Pranav Schmeler,Mr,Water engineer,641-303-5031x4237,mr@me.com,female,55+
R_6SDJOrTDOsN90uV,Sonya Hagenes PhD,Sonya,Hydrologist,03210193039,sonya@outlook.com,female,55+
R_3JHk0SOr3vfE5vv,Leitha Corwin-Deckow,Leitha,Arts administrator,04503820804,leitha@hotmail.com,female,55+
R_bfv16pzKeV1YDn7,Nathan Beatty,Nathan,Company secretary,276.829.9936x346,nathan@gmail.com,male,55+
R_0B1NOrwDcycY5zn,Mr. Memphis Volkman DDS,Mr,"Editor, film/video",569.532.0461x02821,mr@yahoo.com,female,18-34
R_6YkdgdTSb1pSLv7,Dr. Geraldo Kulas,Dr,Camera operator,950.411.8414x00358,dr@outlook.com,male,35-54
R_5BdoTbEzJL9S7g9,Nathanael Cruickshank,Nathanael,Licensed conveyancer,03113062830,nathanael@me.com,male,55+
R_4SMnbko8Y8SdKBv,Garrett Zieme-Jones,Garrett,Oncologist,923.499.3518x710,garrett@yahoo.com,female,55+
R_0eSIifQVERcsZcF,Guthrie Lakin Jr.,Guthrie,Location manager,(267)327-7566x31529,guthrie@outlook.com,other,55+
R_eaKUjuOtfII45yl,Harry Kuhn,Harry,"Teacher, special educational needs",730-624-9911x458,harry@outlook.com,male,Under 18
R_1BTa4meTBxL1nRb,Hakim Hermann,Hakim,Retail merchandiser,201-200-1452x84533,hakim@outlook.com,male,55+
R_8p5qppV2Wpa4avX,Joeseph Bechtelar Sr.,Joeseph,Chiropractor,642-466-7533x81147,joeseph@me.com,male,Under 18
R_9Fa4pUxSMLv8DOZ,Cass Mertz,Cass,Recycling officer,00355227652,cass@me.com,male,55+
R_bKNS15d8o8I7GU5,Anderson Kulas DVM,Anderson,"Designer, industrial/product",860-236-7397x7826,anderson@outlook.com,male,55+
R_eV9zTJYRckchBB3,Terrence Wisoky,Terrence,"Engineer, broadcasting (operations)",906.757.4698,terrence@gmail.com,female,18-34
R_578lSgqlMfJ4elD,Giada Rath,Giada,Midwife,1-266-042-6538,giada@gmail.com,female,35-54
R_9GfGsaRhHEW7hVb,Dr. Koen Ledner,Dr,"Radiographer, diagnostic",1-761-638-3063x1235,dr@outlook.com,male,18-34
R_5AnNSVgXX9XmWUJ,Santos Bradtke,Santos,"Doctor, hospital",1-944-490-2937,santos@hotmail.com,female,35-54
R_9QVzBr5posPbyyF,London Gerhold,London,Physiotherapist,1-950-904-5611,london@gmail.com,female,18-34
R_3OcFXMpVubErCg5,Miss Nakia Brakus PhD,Miss,Restaurant manager,09304207759,miss@outlook.com,female,18-34
R_0JVMu5gd72sgN7f,Francis Kessler,Francis,Microbiologist,(528)623-7149,francis@yahoo.com,male,35-54
R_bPbCnFLDWCk0hNz,Mrs. Savanna Botsford DVM,Mrs,"Lecturer, further education",259-592-6702,mrs@yahoo.com,female,55+
R_eX74x5MuJ6oZUs5,Cayden Torphy,Cayden,English as a second language teacher,+69(1)7813993218,cayden@hotmail.com,male,35-54
R_dcLrcbNQHGzw5Bb,Dr. Carry Mertz,Dr,Financial planner,124.440.5234,dr@me.com,male,18-34
R_8zSmdueU094967z,Nilda Fritsch,Nilda,Sports therapist,004.473.0727x9893,nilda@outlook.com,male,35-54
R_bpv7i5ahfsFJEdn,Oland Gleichner IV,Oland,"Designer, textile",883-742-6387x8740,oland@outlook.com,other,35-54
R_0jtT1iKmC2AFgKF,Maranda Lesch,Maranda,"Engineer, technical sales",(238)069-3245x84342,maranda@yahoo.com,female,55+
R_bORI7lN5iXShGUl,Mansfield Homenick,Mansfield,"Sales professional, IT",162.463.5702,mansfield@outlook.com,female,35-54
R_1GpaXkwxnKTpEFf,Yee McCullough,Yee,Make,227-387-9509x944,yee@yahoo.com,prefer not to say,18-34
R_cVbyiWRQr74Rzw1,Mack Prosacco,Mack,Health physicist,(114)472-3424x92138,mack@gmail.com,male,35-54
R_87dWKJJ1ZCXXcvX,Mrs. Laurene Torphy DVM,Mrs,Dealer,149-126-9629x3005,mrs@gmail.com,male,18-34
R_bjErVthV3TK7mmh,Devonta Reichel-Windler,Devonta,Furniture designer,(125)226-1149x421,devonta@me.com,female,18-34
R_26nhY8VCEwg7ZoV,Burnett Hayes,Burnett,"Journalist, magazine",686-322-9322x24423,burnett@hotmail.com,prefer not to say,18-34
R_7WEczw93V00LDRb,Mr. Adrian Satterfield,Mr,Orthoptist,1-334-204-3548x750,mr@hotmail.com,male,18-34
R_dhagMIBZT9XMvB3,Dr. Buster Conn,Dr,Environmental education officer,861.896.0888x2063,dr@yahoo.com,male,55+
R_3EJTa6UERqfjHbn,Arietta Corkery,Arietta,Media planner,1-708-691-9240x7750,arietta@yahoo.com,female,35-54
R_bfiCxIECWRksJZb,Renea Ernser,Renea,Tourist information centre manager,828.804.8109,renea@outlook.com,male,55+
R_6YjRHni6w3u9Vrv,Juan Beatty,Juan,Community pharmacist,1-534-936-0813,juan@gmail.com,male,55+
R_0JSQCZe5irOYLpr,Cassie Wolff,Cassie,Health physicist,1-528-319-8699x5975,cassie@outlook.com,female,55+
R_0JnFffFfWTtX3aR,Dr. Ballard Mayer PhD,Dr,Brewing technologist,1-576-478-7636,dr@outlook.com,male,35-54
R_5j3ObCplyMpmseh,Lesa Wisozk,Lesa,"Conservator, furniture",(845)478-4309x0724,lesa@gmail.com,other,35-54
R_6fZ90hC55yUjkRT,Tamela Kemmer DVM,Tamela,"Nurse, children's",1-262-345-0059x827,tamela@gmail.com,male,35-54
R_eCEVudv8lUnt8R7,Mrs. Eula Barton,Mrs,Investment analyst,671-195-2529,mrs@outlook.com,male,35-54
R_3yEC31KMRVWnDxz,Imani Raynor-Bahringer,Imani,"Social research officer, government",1-886-497-2785x83271,imani@hotmail.com,female,35-54
R_dpbZYGtXN08OIGV,Moira Abbott,Moira,Electrical engineer,712.824.8544x69671,moira@me.com,male,55+
R_6yUTpfJcCoMfIgJ,Katy Stroman-Stoltenberg,Katy,Herpetologist,493-092-4301x86403,katy@yahoo.com,male,18-34
R_bwQrWn9WH1WV74V,Reginald Reynolds,Reginald,Manufacturing systems engineer,(012)498-8750,reginald@outlook.com,male,18-34
R_cNlhNIgJotRlADX,Alvy Lehner I,Alvy,Newspaper journalist,1-612-373-4170,alvy@outlook.com,male,35-54
R_e4mvQOzLatH4vCB,Emilia Cassin MD,Emilia,"Pharmacist, hospital",1-183-435-4411,emilia@outlook.com,female,55+
R_2u8MtLsGGVNbmCx,Mrs. Cristin Denesik DDS,Mrs,Meteorologist,1-068-914-3407x461,mrs@outlook.com,male,18-34
R_0wunSDxsd8u2qX3,Elinore Reinger,Elinore,Plant breeder/geneticist,07443792930,elinore@hotmail.com,female,35-54
R_1UfUIA5hNg0Xxqd,Alethea White,Alethea,"Engineer, land",(407)569-4934x748,alethea@me.com,male,35-54
R_ezDVlofenljYVmt,Bobbye Ankunding-Pouros,Bobbye,Furniture designer,1-969-507-5613x97106,bobbye@gmail.com,female,35-54
R_8Am2xTqwmQsSL41,Jonas Veum,Jonas,Dentist,295-447-8334,jonas@me.com,male,18-34
R_4I7axgsh4CA3Vkx,Donnell Schimmel-Eichmann,Donnell,"Engineer, maintenance (IT)",06768484140,donnell@hotmail.com,other,55+
R_etEAdJwpoXAGdDf,Dr. Bella Hand PhD,Dr,Bonds trader,308-452-3184x03237,dr@outlook.com,male,35-54
R_3ZZwp1w5cL5WUUR,Henrietta Gaylord,Henrietta,Ophthalmologist,621-910-5156x571,henrietta@me.com,male,55+
R_bjfoeWJpHssUi7b,Berdie Dare,Berdie,Occupational psychologist,402.733.9283x815,berdie@gmail.com,male,18-34
R_0VA2098GDQhkMGF,Daryn Christiansen,Daryn,"Therapist, horticultural",+16(4)3816307395,daryn@outlook.com,male,18-34
R_7TYa4kIgbsWxSxn,Mr. Roddy Larkin,Mr,Sports therapist,(332)755-2672x614,mr@gmail.com,female,55+
R_eesB2KiDfEIAoPH,Dr. Karel Walter MD,Dr,"Civil engineer, consulting",1-927-222-2692,dr@yahoo.com,male,18-34
R_9EvKsYJtmVzgFDv,Mrs. Stacie Runte,Mrs,Clinical research associate,392-496-9091,mrs@me.com,male,55+
R_1zBkPbhMHAotnU1,Ms. Louella Rogahn,Ms,"Buyer, industrial",(397)347-9784x3573,ms@yahoo.com,male,18-34
R_0DFy4XifLDRtcs5,Jaylan Gerhold-Strosin,Jaylan,Secretary/administrator,(248)035-9955,jaylan@outlook.com,male,35-54
R_9NVtQZ0Znhh15mR,Marlyn Spencer-Wilderman,Marlyn,Materials engineer,714.228.8976x565,marlyn@gmail.com,female,18-34
R_cSJhK7xRMAZZ7Eh,Elihu Armstrong,Elihu,"Designer, multimedia",832.014.3903,elihu@gmail.com,male,35-54
R_2b2NbJu5dnLPO3b,Miss Susanna Hermann,Miss,Phytotherapist,1-066-182-6623,miss@yahoo.com,male,35-54
R_b3GChjzEPDi0sT3,Maia Batz DVM,Maia,Facilities manager,1-669-652-9410,maia@me.com,male,18-34
R_b9qHxA12MAPh4Y5,Trace McCullough,Trace,Armed forces training and education officer,519-294-6107x679,trace@hotmail.com,male,55+
R_ePpRixudNlwC1Zb,Sydney Gleichner DVM,Sydney,Technical sales engineer,09912771205,sydney@gmail.com,female,35-54
R_5z5zcv2nRHL1Obb,Germaine Kemmer,Germaine,Dance movement psychotherapist,(044)250-2807x6774,germaine@yahoo.com,female,18-34
R_3wwC8wix5QVjilL,Everet Crist,Everet,"Teacher, English as a foreign language",1-517-375-5300,everet@gmail.com,female,35-54
R_d5SlKydiIQVoeGh,Georgene Wisoky,Georgene,Marine scientist,918-882-7520x211,georgene@gmail.com,male,35-54
R_cBJD98i5tLBYLQx,Karson Wuckert,Karson,Technical author,(660)478-8329,karson@gmail.com,prefer not to say,35-54
R_eRuG2zLojjLSgkd,Dr. Marchello Barrows Jr.,Dr,Research scientist (life sciences),287-026-6603,dr@outlook.com,male,35-54
R_1RgnCdKgaLXyP2Z,Shawn O'Connell,Shawn,"Scientist, product/process development",(211)807-8835x728,shawn@me.com,male,55+
R_9S0HFUKQVwg9ryB,Iva Parisian,Iva,Animal nutritionist,1-820-704-1627x9243,iva@me.com,male,18-34
R_4MzNwXwdaPpdqDz,Delphia Carroll,Delphia,"Restaurant manager, fast food",079.564.1868,delphia@outlook.com,male,55+
R_5u5wvI3kR43MMaF,Delma Bahringer-Aufderhar,Delma,"Surveyor, quantity",1-872-255-0388x7571,delma@hotmail.com,female,Under 18
R_5cm6fmXjeJ4j0vX,Miss Jerrilyn Ruecker,Miss,Airline pilot,929.698.4610x4068,miss@hotmail.com,prefer not to say,55+
R_4Nhm5Mf8Pg1QzFr,Leanne Satterfield,Leanne,Music tutor,1-427-463-3511,leanne@outlook.com,prefer not to say,55+
R_6D6fYWCpLRnmkp7,Ms. Gertie Ward PhD,Ms,"Therapist, drama",735.754.1646x0712,ms@me.com,male,35-54
R_0VUVnoabeSEiGwJ,Miss Candace Pollich,Miss,Cytogeneticist,(063)019-8227,miss@outlook.com,female,18-34
R_4TNRdCZeTaxDuAZ,Mr. Everet Sipes,Mr,"Engineer, structural",(617)162-5834x118,mr@yahoo.com,male,55+
R_bkE3zWrM7JuHy2p,Nehemiah Casper,Nehemiah,"Conservator, furniture",1-555-557-2593x3777,nehemiah@outlook.com,female,35-54
R_b40d2S46J2UQScB,Reinaldo Feest,Reinaldo,Database administrator,(657)268-8148x23544,reinaldo@outlook.com,female,35-54
R_8vHLoea7DG4t6hT,Celeste Klein,Celeste,Colour technologist,09810717217,celeste@me.com,prefer not to say,35-54
R_839VVPKLbLe22Dr,Shad Kulas PhD,Shad,"Education officer, museum",03605557733,shad@me.com,other,35-54
R_djyoYxyPD29Sf6R,Woodroe Friesen,Woodroe,"Scientist, clinical (histocompatibility and immunogenetics)",038-343-4123x4761,woodroe@yahoo.com,female,35-54
R_cUsgHkkOkVrLxWt,Ms. Georgianna Ryan,Ms,Youth worker,07619767700,ms@gmail.com,male,18-34
R_1R38PmZsPrXOJLL,Pryor Rogahn,Pryor,"Engineer, maintenance",(856)830-2857,pryor@gmail.com,female,55+
R_3KJTYBWW2oWpuJf,Tory Watsica V,Tory,Copy,981.525.4140,tory@yahoo.com,female,55+
R_1Fba7ItMdPhTzx3,Belton Ondricka,Belton,"Teacher, early years/pre",972-549-8456x053,belton@me.com,female,55+
R_7TzVnRw8uARr9xH,Mason Ebert,Mason,"Psychologist, counselling",225.148.2889,mason@outlook.com,female,18-34
R_56xJlvosNB7mI73,Jerrod McDermott,Jerrod,Clinical cytogeneticist,823.925.5758x620,jerrod@yahoo.com,female,18-34
R_bgcvoFCanAD1j3n,Dani Hagenes,Dani,Dance movement psychotherapist,02482436540,dani@hotmail.com,male,35-54
R_e3svM3JBwRsxwUt,Masako Crona,Masako,"Therapist, nutritional",898.300.5204,masako@outlook.com,female,35-54
R_8eQnD7YCrIrXFcx,Normand Waelchi,Normand,Cartographer,741.761.2418,normand@gmail.com,male,18-34
R_79j6JI9K2h1XMLb,Ms. Amara Kerluke,Ms,Control and instrumentation engineer,1-310-969-7824,ms@outlook.com,female,Under 18
R_5w400s8cINJ6vbv,Ninnie Lemke MD,Ninnie,"Psychologist, prison and probation services",(330)734-1345,ninnie@me.com,male,35-54
R_aWY1LU9EwpJslzD,Artie Jast,Artie,Industrial buyer,508-470-9183,artie@outlook.com,male,55+
R_e8UMdi0l2yWwMrr,Vincenza Glover,Vincenza,"Education officer, museum",061-231-5896x37232,vincenza@yahoo.com,prefer not to say,18-34
R_bmHgF6Xg5Gxg78F,Miguel Schamberger,Miguel,Chiropractor,(664)772-8853x54993,miguel@gmail.com,female,18-34
R_e9FWhEJ8Fzq14hv,Ignatz Reinger,Ignatz,"Surveyor, commercial/residential",500-584-6836x8112,ignatz@hotmail.com,female,35-54
R_3gTtT96uRVyarL7,Ms. Nicola McKenzie,Ms,"Lecturer, higher education",640.840.4651,ms@yahoo.com,male,35-54
R_3mEvbFKujIun7hz,Hobson O'Hara,Hobson,"Therapist, horticultural",(937)613-0343x65396,hobson@yahoo.com,female,18-34
R_cA39zIz2VL2nJCl,Kori Morar,Kori,Manufacturing systems engineer,(867)369-6947x8561,kori@hotmail.com,prefer not to say,18-34
R_ehVJAKCSXeQyeTb,Iridian Jast,Iridian,"Editor, commissioning",936.523.2090,iridian@gmail.com,female,35-54
R_e5rIaJETlqEWcPb,Deanna Huel,Deanna,Teaching laboratory technician,03761978482,deanna@me.com,male,35-54
R_bOYpjGZZBlKZyh7,Arlena Moen,Arlena,Photographer,521.838.9230,arlena@yahoo.com,female,35-54
R_9GFF6FqrMr37Kkt,Becky Schulist,Becky,Government social research officer,311.652.2134x396,becky@hotmail.com,female,35-54
R_es4v7QDuXItGfZ3,Dequan Murazik,Dequan,"Administrator, charities/voluntary organisations",1-538-171-5317,dequan@outlook.com,female,35-54
R_2fzXdT7VlbeMXpb,Bruno O'Connell,Bruno,"Designer, ceramics/pottery",(427)912-6014x258,bruno@yahoo.com,male,35-54
R_3b1xs4q6jodaZ2l,Rance Smith,Rance,Estate manager/land agent,757.505.9155x893,rance@gmail.com,female,Under 18
R_2mI5ZDUBQFdLDqB,Merrill Boyer,Merrill,Medical secretary,+61(7)1525653797,merrill@yahoo.com,female,35-54
R_56Fw6WKDK1eGch7,Cilla Paucek PhD,Cilla,Recycling officer,(764)791-5100x5094,cilla@hotmail.com,male,35-54
R_e5p3IQSjD5WjVpH,Hugh Weimann,Hugh,Visual merchandiser,02748512410,hugh@outlook.com,female,55+
R_bqKHonMbpPuYVuZ,Miss Anastacia Lang,Miss,Quantity surveyor,1-877-695-6425x30663,miss@gmail.com,female,55+
R_bDAQNcgmlgSrl2J,Carson Emard,Carson,Higher education careers adviser,170.930.4324x0596,carson@outlook.com,male,35-54
R_5bTa25PioM11Cpn,Sloane Boyle,Sloane,"Research officer, political party",(672)176-7604,sloane@hotmail.com,female,55+
R_0Hg5LNPYgr3focB,Laurance Labadie I,Laurance,Investment analyst,447-019-5187x5815,laurance@gmail.com,male,35-54
R_4HLAlOV1cbC4noV,Terese Borer-Keebler,Terese,Dietitian,590.043.5306,terese@outlook.com,female,18-34
R_ePqR9EU5QTHD06V,Colby Haley-Mueller,Colby,Financial planner,03021991153,colby@outlook.com,female,35-54
R_ePBihWCS6fIPf7f,Dr. Verne Runte,Dr,Chemical engineer,03391736924,dr@me.com,female,18-34
R_aWpZ5uRRzJ5DSKh,Shalonda Wehner,Shalonda,"Accountant, chartered public finance",+43(1)5559529034,shalonda@hotmail.com,other,35-54
R_7WhLS8riuB3LX5b,Franklin Kautzer,Franklin,Production engineer,941.112.4905,franklin@gmail.com,male,55+
R_79Ar0wQwzPF3ESV,Kenneth Block,Kenneth,"Engineer, control and instrumentation",1-895-600-8017x3043,kenneth@me.com,male,55+
R_4UsAcf7M93Wd8ax,Katia Langworth,Katia,"Production designer, theatre/television/film",1-464-678-9724x02699,katia@yahoo.com,male,35-54
R_emavPLSkHRE4gJv,Destany Jerde,Destany,Diagnostic radiographer,(474)992-3163x902,destany@gmail.com,female,35-54
R_39J8AXYPnXUucO9,Otha Rippin,Otha,Furniture conservator/restorer,+37(5)4867702898,otha@hotmail.com,male,55+
R_6QnhCnz4fDHcfqd,Deliah Schuster,Deliah,Animal technologist,806-591-2157x62827,deliah@me.com,male,55+
R_6hCvCuPMdGESS4B,Jovani Daniel,Jovani,Higher education lecturer,1-924-906-2858x73804,jovani@yahoo.com,female,35-54
R_6JzcUQb7iL5h37v,Marlene Howell PhD,Marlene,Photographer,699-050-3135x2586,marlene@hotmail.com,male,35-54
R_81yEKZbi3bOTPhj,Dulcie Goodwin,Dulcie,Counsellor,+92(8)2944219894,dulcie@outlook.com,female,18-34
R_dg1Qu0M7jUtKLTn,Djuna Stroman,Djuna,Theme park manager,+92(2)3002806587,djuna@hotmail.com,other,55+
R_8B6GU4mBbUsNLvf,Julious Homenick-Champlin,Julious,"Nurse, mental health",(312)425-8488,julious@yahoo.com,female,18-34
R_2o96LA3qfjz8yNf,Dr. Hershell Jaskolski,Dr,Careers information officer,277.525.6977x552,dr@gmail.com,female,18-34
R_erIp4iBDYZZAjZz,Riley Heller,Riley,Barrister's clerk,521.023.8311,riley@me.com,female,35-54
R_08L3t1vXejiQRfL,Oris Lynch,Oris,"Psychologist, educational",(731)046-6959x07297,oris@yahoo.com,male,35-54
R_71ym3zcOKwu8F8h,Barnard Feest,Barnard,Land/geomatics surveyor,+49(6)1198565093,barnard@hotmail.com,male,55+
R_6W17FGjGG3K8qrj,Vertie Pfeffer,Vertie,Media buyer,603-700-4016x36094,vertie@hotmail.com,female,18-34
R_cGP9krDIKHcYXo9,Aiden Bogisich-Dicki,Aiden,Management consultant,155.711.7405x1129,aiden@hotmail.com,male,55+
R_5jLD5eTSCtcEvkh,Miss Addyson Frami MD,Miss,"Conservator, furniture",00478294380,miss@me.com,male,55+
R_9pjKpLQOlAZ1RuB,Ken Effertz,Ken,Curator,441-496-2348x474,ken@yahoo.com,male,35-54
R_eeq0sR0UbPpY0nz,Kraig Reichel-Bradtke,Kraig,Facilities manager,+95(5)6459812631,kraig@outlook.com,female,35-54
R_26q0m8nRBswVpsx,Lailah Berge-Marvin,Lailah,Newspaper journalist,1-648-766-9068x7224,lailah@yahoo.com,female,18-34
R_4O2qAwaANAp7gmp,Kizzy Hudson,Kizzy,Pharmacologist,695.617.8360x948,kizzy@me.com,male,35-54
R_8DosUdkFjOSbXV3,Dr. Sydnie Rolfson,Dr,Fish farm manager,827-967-3444,dr@me.com,male,18-34
R_a9O4NAm6TCFa0Lz,Camille Heller,Camille,Metallurgist,1-977-738-9850x5497,camille@outlook.com,male,18-34
R_08MTwUASRNQB0r3,Robby O'Keefe,Robby,Building surveyor,481-533-3595x97124,robby@me.com,male,55+
R_agXv5SpqXnqBqFn,Mr. Asbury Nader DVM,Mr,"Engineer, manufacturing",03612426283,mr@gmail.com,male,35-54
R_9TBGDFUfqsTLBfn,Montrell Hodkiewicz,Montrell,Theatre manager,137-684-4953,montrell@gmail.com,male,18-34
R_aVIbUAc1sVBxG61,Kody Dibbert,Kody,"Accountant, chartered certified",(041)707-6014,kody@gmail.com,female,55+
R_003jKxhAusY1Xpj,Champ Wilkinson II,Champ,"Engineer, biomedical",856-502-5047x27463,champ@me.com,male,18-34
R_3KQL2x4kj3YH2F7,Mrs. Etna Wisoky,Mrs,"Engineer, materials",1-461-150-5612x419,mrs@gmail.com,female,18-34
R_a3uhLuvqqxCrlmR,Buna Reichel,Buna,"Engineer, maintenance (IT)",355.021.0284x43078,buna@outlook.com,male,18-34
R_6ytMrhBwDwTbK0R,Dr. Gustavus Zieme,Dr,Chief Technology Officer,(396)818-4458x13401,dr@outlook.com,male,18-34
R_07HErfPng6TgIe1,Carlyn Okuneva,Carlyn,Advice worker,(036)869-3998,carlyn@yahoo.com,male,18-34
R_bk0p5cORNZfUN2R,Sherrie Kshlerin-Luettgen,Sherrie,Heritage manager,461.811.4654,sherrie@gmail.com,other,35-54
R_cYXn20dDwcDStmZ,Dr. Abraham Reynolds,Dr,Newspaper journalist,807.233.8425x7269,dr@outlook.com,male,55+
R_7PrVTCRANBhiXA1,Joseluis Kirlin,Joseluis,Estate agent,1-788-303-5984x883,joseluis@outlook.com,prefer not to say,35-54
R_55Bdcz3sQwl0ey1,Danica Spinka,Danica,Broadcast engineer,08775620027,danica@hotmail.com,female,35-54
R_2nP9X22ixB796ol,Mrs. Agnes Collins,Mrs,Lawyer,1-138-901-5193x0813,mrs@hotmail.com,female,55+
R_511L1QIEgy2fe4J,Dr. Bonny Hessel DVM,Dr,Training and development officer,568.163.0984x96353,dr@me.com,male,18-34
R_abHCk17zp3kNm5v,Dorene Cole,Dorene,"Engineer, agricultural",06186013483,dorene@outlook.com,prefer not to say,18-34
R_5vuZA8zqIFeWj6l,Boris Huel-Jakubowski,Boris,Professor Emeritus,1-918-268-8630x7743,boris@outlook.com,male,55+
R_07ngC9Vwioxv30x,Kinte Stehr,Kinte,"Journalist, broadcasting",776-802-4177,kinte@yahoo.com,male,35-54
R_1zywQLwrQLtRGXb,Nicholaus Hodkiewicz V,Nicholaus,Hotel manager,1-850-286-0101,nicholaus@gmail.com,female,35-54
R_6qTe3cqfjmwGRA9,Carlyle Koch III,Carlyle,Diplomatic Services operational officer,1-314-011-6581,carlyle@gmail.com,male,35-54
R_80LZliDwENwX2UB,Opal Stehr,Opal,Maintenance engineer,(102)306-4504,opal@me.com,male,55+
R_etzmFDUEmXyPNqd,Charolette Cremin,Charolette,Education administrator,(629)570-7654,charolette@outlook.com,male,55+
R_0B2JeMS6YhidTX7,Torrey Jones,Torrey,"Teacher, special educational needs",287-084-5989,torrey@me.com,male,35-54
R_6YeCVlCQV0lvGex,Pattie Ledner,Pattie,Industrial buyer,(815)331-6939x43575,pattie@hotmail.com,female,35-54
R_a4vjFa67ZTVkQ4J,Mr. Khiry Ullrich,Mr,Conference centre manager,972.570.5637x782,mr@yahoo.com,other,18-34
R_3UiHnuxsnwz1jPT,Rosendo Senger,Rosendo,Tourism officer,+41(7)2256101033,rosendo@yahoo.com,male,35-54
R_dmMaLQN4JbC817f,Alverda Haley MD,Alverda,Chief Technology Officer,380.554.3796,alverda@outlook.com,female,18-34
R_2iaA6awJzROM5ed,Daniel Botsford,Daniel,Newspaper journalist,239.278.2413,daniel@gmail.com,male,18-34
R_5zHk2DUnCMXlYIB,Osa Bednar,Osa,Contractor,1-538-303-3584x18670,osa@hotmail.com,male,18-34
R_2b2T6vmVf6FvkGN,Hollie Labadie,Hollie,Charity officer,01908413375,hollie@me.com,female,55+
R_dmXRHV3jv2riiKV,Loy Predovic,Loy,Personal assistant,01002465590,loy@outlook.com,male,35-54
R_3W8QysBH9VIsj89,Sabrina Braun DDS,Sabrina,Biomedical scientist,045-306-8296x048,sabrina@hotmail.com,male,18-34
R_3xTjKjyq5JkiTiZ,Bebe Morar,Bebe,"Designer, graphic",1-174-139-5635x282,bebe@me.com,male,35-54
R_6ljXRuvUMeMwhSJ,Mr. Manly Gaylord,Mr,Police officer,985-115-6020x3135,mr@outlook.com,male,55+
R_aaTfLZkMmLoL7Nz,Oneta Kuhic,Oneta,Surgeon,1-306-875-9495,oneta@hotmail.com,male,35-54
R_1OkJgbP0FrSwdq5,Dr. Roderick Upton,Dr,Health and safety inspector,449-825-2877,dr@yahoo.com,male,55+
R_4NHWpRRxt7f5OOV,Azzie Anderson,Azzie,Tourist information centre manager,09263172951,azzie@outlook.com,male,18-34
R_9zEbHHalnDvo0xT,Mrs. Christa Rippin,Mrs,Chartered public finance accountant,(049)201-9861x978,mrs@me.com,male,35-54
R_0xONQhcF2AQIu7X,Aurora Fritsch,Aurora,Technical author,+26(0)5977407895,aurora@hotmail.com,prefer not to say,35-54
R_5BFtTvdCCLvolvv,Johnnie Carroll,Johnnie,Clinical embryologist,348-014-4823,johnnie@outlook.com,female,55+
R_54SxsIhMgK9JlJz,Giovanny Leannon,Giovanny,Customer service manager,05891603506,giovanny@gmail.com,male,35-54
R_esuRwZpuIXJVG61,Coby Kuphal,Coby,Clinical cytogeneticist,1-262-238-4005,coby@yahoo.com,male,55+
R_7OLkcWxSjYutYvr,Dr. Austyn Crist,Dr,"Librarian, public",+45(1)7133170289,dr@gmail.com,male,55+
R_83cLFbJE3cO2gOp,Merri Lebsack,Merri,Sports therapist,516-672-8557x246,merri@outlook.com,female,55+
R_51iFXkJjJOglmU5,Lillianna Ratke,Lillianna,Chiropodist,239.577.6025x7801,lillianna@me.com,male,18-34
R_8pnntuRrSuLm5db,Lyla Beer,Lyla,Media buyer,1-684-950-5557,lyla@me.com,male,35-54
R_6PvYy7d0aYah22F,Ms. Idella Heaney DDS,Ms,"Engineer, building services",1-381-018-1248x289,ms@hotmail.com,female,35-54
R_bNsIIuPLAMgYHyZ,Evelynn Beahan,Evelynn,Electrical engineer,(939)085-0378x56911,evelynn@outlook.com,male,35-54
R_29V6hskJaL1Qz6R,Mr. Savon Lesch III,Mr,Personal assistant,1-440-154-2966x472,mr@yahoo.com,female,35-54
R_efmAXcl4IQYyKR7,Tab Berge-Raynor,Tab,Theatre manager,792.038.3798,tab@yahoo.com,male,35-54
R_06gilluOvvA1KRv,Mr. Jerrad Hoppe,Mr,Air broker,(774)410-2478x86078,mr@yahoo.com,male,55+
R_eVVKntjZgrOCru5,Trudie Stamm,Trudie,Technical author,1-033-850-6554,trudie@hotmail.com,female,18-34
R_4YPt7TyB2cW1PIV,Mr. Jaxen Grimes DDS,Mr,Theme park manager,(911)157-3229x4392,mr@yahoo.com,prefer not to say,18-34
R_0HD4zV87oIDUJ1z,Thedore Nikolaus IV,Thedore,Planning and development surveyor,216.214.7544x007,thedore@me.com,male,18-34
R_exEZzzjWdMNELZP,Bailee Zulauf DDS,Bailee,Recruitment consultant,863.326.2125x6442,bailee@hotmail.com,male,18-34
R_cNsZOTNKj310bFX,Iva Barton IV,Iva,Agricultural consultant,(041)625-4542x495,iva@gmail.com,other,35-54
R_2rgyRVbL49gSesl,Ebbie Altenwerth,Ebbie,"Therapist, music",433-169-8823x5028,ebbie@yahoo.com,male,18-34
R_6fDsvZrKB8zIjL7,Ricardo Cummerata,Ricardo,"Designer, exhibition/display",(369)988-5029x14636,ricardo@me.com,male,35-54
R_6u0MJmzmJk70WMd,Westin Hermiston DDS,Westin,Retail banker,251-046-0333x329,westin@outlook.com,male,18-34
R_1HxIVYBykM1ND6J,Blain Little-Halvorson,Blain,Sport and exercise psychologist,+49(9)9893419669,blain@hotmail.com,male,35-54
R_3xTXLoclMHLiyQB,Tristan Steuber,Tristan,Financial trader,1-872-989-4228x783,tristan@outlook.com,male,35-54
R_bjtS2U58KQUVCXH,Kristi Jacobi,Kristi,Insurance broker,272-850-8135,kristi@hotmail.com,male,55+
R_9LWhug8T94dzQwZ,Ellar Parisian DVM,Ellar,"Scientist, research (medical)",+43(6)5831881904,ellar@me.com,female,35-54
R_7QYsHMNsm1kYH9H,Estefany McGlynn,Estefany,"Designer, furniture",+29(2)5751010660,estefany@hotmail.com,female,35-54
R_719SWyYUQ8ZPrJX,Frankie Bernier,Frankie,"Designer, graphic",(426)848-2791x9224,frankie@yahoo.com,male,18-34
R_4NuOqmNTv8yKKWh,Harrold Mills,Harrold,Warden/ranger,1-419-856-8742x78797,harrold@yahoo.com,female,55+
R_8j01gqeinCjOWSF,Jordan Zboncak-Wisoky,Jordan,Community arts worker,+98(2)8714840363,jordan@yahoo.com,male,18-34
R_3rtuZ8BqkA9ztdP,Stanford Lueilwitz,Stanford,"Librarian, public",371.076.3926,stanford@gmail.com,female,55+
R_aWRIs0FgO0GDx1r,Alberto Zboncak,Alberto,"Conservation officer, historic buildings",(879)216-5936,alberto@gmail.com,male,55+
R_b1HzvkcXuBCJexT,Buell Boehm,Buell,Product manager,871.996.0133,buell@gmail.com,female,55+
R_d7jjM0GgiLBO9Cd,Camryn Pouros,Camryn,Learning mentor,+18(3)7551901664,camryn@gmail.com,male,35-54
R_1G0bpji6QJ199D7,Caydence Runolfsson,Caydence,Environmental manager,1-300-767-4842,caydence@hotmail.com,male,35-54
R_ah0UH8gLr8sqeyx,Dr. Tyrik Beatty Sr.,Dr,Comptroller,(738)308-1310,dr@gmail.com,male,55+
R_9MNdnOwoCFMBugR,Katherine Lehner,Katherine,Customer service manager,+48(9)5520418948,katherine@yahoo.com,female,55+
R_87xSxEV6DOTyUkJ,Willene Stehr,Willene,Government social research officer,07647757841,willene@me.com,male,35-54
R_8k1o8mmCMnhVfh3,Arturo Skiles,Arturo,"Psychologist, forensic",563.626.1889x6259,arturo@yahoo.com,male,18-34
R_7a3uoXauQFdyjwp,Cathey Moen,Cathey,"Therapist, sports",521.156.4867x1275,cathey@yahoo.com,male,35-54
R_9GBxacvSa0R1lM9,Eustace Kutch,Eustace,Air broker,07141148596,eustace@me.com,male,55+
R_3KwZ6xh0xl0wLGZ,Chandler Kessler-Vandervort,Chandler,"Psychotherapist, dance movement",1-680-372-7763,chandler@gmail.com,prefer not to say,35-54
R_9NX745vJzEgKO4R,Caldonia Rohan,Caldonia,Health visitor,(999)069-5505x18833,caldonia@gmail.com,male,55+
R_d4rqKc4A8YI9F8V,Sibbie Rau,Sibbie,Quality manager,235-828-3788,sibbie@hotmail.com,male,55+
R_3EojiHG58xmaFE1,Mr. Gearld Maggio,Mr,Armed forces logistics/support/administrative officer,1-591-734-6075,mr@yahoo.com,male,55+
R_3qpJoCNPUVr6uuF,Mr. Edmon O'Hara IV,Mr,"Exhibitions officer, museum/gallery",550-390-9093x10282,mr@me.com,male,35-54
R_29VKIihNceHkBi5,Lenon Upton-Zulauf,Lenon,"Social research officer, government",1-267-999-4632x301,lenon@gmail.com,female,Under 18
R_eqFGYm49DHPzwON,Lovell Cummerata,Lovell,Further education lecturer,1-742-466-3393x416,lovell@yahoo.com,female,Under 18
R_dng1iNAlanGwj77,Mr. Dewitt Bins I,Mr,Systems developer,09576275331,mr@me.com,male,55+
R_0p0JPAi5E0uTyHH,Ott Corwin-Williamson,Ott,"Education officer, museum",1-337-720-8359x463,ott@yahoo.com,male,18-34
R_0U0g0lX4JHXzFvD,Juan Stokes,Juan,Occupational therapist,559-486-4292,juan@outlook.com,male,55+
R_4HnGWdU3yf8aIEl,Lone Rosenbaum,Lone,Industrial buyer,(610)904-8151x8852,lone@outlook.com,male,18-34
R_d4pyxklKDiqGiUt,Ms. Alverda Watsica,Ms,"Designer, furniture",704.685.7632x22157,ms@yahoo.com,female,55+
R_8pFXXzPpcujZOJf,Edwardo Crist,Edwardo,"Programmer, applications",549.909.3046,edwardo@hotmail.com,male,55+
R_9ukljyAkW3Kcurz,Milagros Blick,Milagros,Marine scientist,00182699774,milagros@yahoo.com,female,18-34
R_bHMeKmBDd81A3gF,Reece Lindgren,Reece,Air traffic controller,020-405-8389x0053,reece@outlook.com,male,35-54
R_da5jORIyOEH262h,Marcos Waters IV,Marcos,"Therapist, art",03704130093,marcos@me.com,male,55+
R_0DqwPsCpN838Hml,Eithel Heathcote,Eithel,Corporate treasurer,(730)415-8143x4573,eithel@me.com,prefer not to say,18-34
R_0wA8v4PRSpy6GX3,Rayford Paucek Jr.,Rayford,Exercise physiologist,656-143-7401,rayford@outlook.com,male,18-34
R_3P3P0gGM0ABrrXn,Abb Schmeler,Abb,Airline pilot,00703610601,abb@outlook.com,male,55+
R_b30K0ReandeUd9z,Masako Yundt,Masako,Diplomatic Services operational officer,878.189.8307,masako@outlook.com,male,18-34
R_eYiv0azTtaQeYzb,Arnav Homenick,Arnav,Furniture designer,00061572369,arnav@me.com,male,55+
R_2b4qPYxMhQVIn65,Ursula Orn,Ursula,Mechanical engineer,591.072.6500,ursula@yahoo.com,female,35-54
R_1FdrksuL67vnGMB,Edgardo Torphy-Waters,Edgardo,"Designer, fashion/clothing",(933)966-1275,edgardo@me.com,male,35-54
R_9uey47nVEEWabMF,Estel Schiller,Estel,Secretary/administrator,662-989-4659x743,estel@outlook.com,male,18-34
R_eVRm5MH8yxpRMA5,Buster Kiehn,Buster,"Surveyor, mining",1-558-156-8523,buster@gmail.com,other,35-54
R_4TmU1STl5LGvHeJ,Matthew Flatley,Matthew,Health visitor,1-690-186-9212,matthew@yahoo.com,male,18-34
R_6Du6SFPL71E9eSx,Jahir Denesik,Jahir,Graphic designer,1-410-061-6594x9146,jahir@hotmail.com,male,35-54
R_2nmHFdqwa9Jw1Dv,Sade Kiehn,Sade,Technical author,548.019.5918x294,sade@hotmail.com,male,35-54
R_eVgu0awdQuPOvNb,Lollie Macejkovic MD,Lollie,Tax adviser,+65(2)7785847691,lollie@gmail.com,male,55+
R_dj0vekMhmkDvMFv,Levon Hegmann PhD,Levon,Immunologist,481.467.7594x4446,levon@outlook.com,male,35-54
R_3OGjVcDodwGHe4d,Mireya Aufderhar,Mireya,"Designer, interior/spatial",(791)926-0237,mireya@gmail.com,male,35-54
R_cHnfSrqTZTo2Wzj,Rosabelle Berge-Jacobson,Rosabelle,Pensions consultant,273.869.6313x93581,rosabelle@me.com,female,18-34
R_3OVYT69VamuuXYx,Gorden Quitzon,Gorden,"Geneticist, molecular",018.895.7265,gorden@hotmail.com,female,55+
R_6tFdlI9q4uH3ezX,Kole Bartell,Kole,Museum/gallery exhibitions officer,588-358-8930,kole@gmail.com,prefer not to say,Under 18
R_7U2ZB3vcpiBZV65,Rhoda Ward DVM,Rhoda,"Merchandiser, retail",1-336-627-3358x9036,rhoda@outlook.com,female,35-54
R_cXPmdfIs6fYInid,Allen Prohaska,Allen,Chief Technology Officer,421-550-8198x00540,allen@outlook.com,male,35-54
R_9RMlb2dNmPw1Vu5,Dr. Kavon Ryan II,Dr,Estate manager/land agent,876.730.9505x6113,dr@gmail.com,female,35-54
R_51F0XbQudcV3BsN,Breanna Feil,Breanna,Contractor,1-147-054-4136x0676,breanna@outlook.com,male,35-54
R_b2vDa4j1tAYjo8d,Dr. Rosevelt Rippin PhD,Dr,Sales promotion account executive,1-889-885-9326,dr@gmail.com,other,55+
R_43f0ruLYFyznlJj,Ms. Lavina Hauck DVM,Ms,Psychiatric nurse,112-901-1620,ms@hotmail.com,male,35-54
R_8eV7sKjVWTUZlE9,Ayaan Waters,Ayaan,Wellsite geologist,874.596.2158x93110,ayaan@gmail.com,male,35-54
R_7ZJjcl8SC5EIb6B,Little Littel,Little,Futures trader,(825)084-2308,little@me.com,female,18-34
R_1T8k9kKPiIQGQv3,Zettie Little DDS,Zettie,"Accountant, chartered",(923)178-5051,zettie@outlook.com,female,35-54
R_3sZ4T6GXpK4cE9n,Skylar Rowe,Skylar,Financial controller,01622126502,skylar@me.com,male,35-54
R_6XO1YI6TtWmgXHf,Denzil Mosciski,Denzil,Artist,(762)919-9090x6786,denzil@yahoo.com,female,35-54
R_a8EmFuIIqZ2Rucd,Raleigh Schuster,Raleigh,"Accountant, chartered management",020.051.7390,raleigh@hotmail.com,female,18-34
R_aaTCPxsUYK0RgJ7,Mr. Melville Bechtelar I,Mr,"Biochemist, clinical",(760)518-1647x720,mr@yahoo.com,female,55+
R_8BW0r9hB14ybhD7,Annis Padberg-Thompson,Annis,Architect,(320)849-2208x480,annis@outlook.com,male,55+
R_etEpXHjoLXI5LJH,Scarlet Greenholt,Scarlet,"Accountant, chartered public finance",891-185-4883x96269,scarlet@yahoo.com,prefer not to say,Under 18
R_da6pTepS60ylC4Z,Miss Hildegard Bernier DVM,Miss,"Designer, multimedia",282-534-7909x408,miss@outlook.com,male,55+
R_9Le5ULiq91D1dVX,Casen Kihn PhD,Casen,Legal secretary,609.974.1119,casen@me.com,other,35-54
R_3woV5z2TTzt9R6l,Jayvon Harris,Jayvon,Sales executive,05216481503,jayvon@me.com,female,35-54
R_bOXs2XQHRRr9K6h,Kelby Gislason IV,Kelby,"Runner, broadcasting/film/video",1-975-195-2402x87845,kelby@me.com,male,18-34
R_brcoOS16yGUzHTv,Damond Cummerata,Damond,Music tutor,1-536-339-5002x00485,damond@gmail.com,female,55+
R_6ES58YSVxaSDK5L,Madison Kautzer,Madison,Government social research officer,(794)957-6659,madison@outlook.com,female,55+
R_0UIxMFj9ne3FSqV,Beecher Schuster,Beecher,Operational researcher,1-291-878-1663x5537,beecher@hotmail.com,male,55+
R_2c8GcB8Cq4iyFkV,Earlie Lindgren DDS,Earlie,Product designer,01253250722,earlie@gmail.com,male,55+
R_39Rs0AuyyBpdb6t,Keshawn Stroman,Keshawn,Publishing rights manager,903-331-1663x023,keshawn@gmail.com,male,55+
R_byi9b8dw6JsPp9H,Jule Hahn,Jule,Site engineer,(263)660-7009x398,jule@outlook.com,male,35-54
R_5AelAX51k0bBaLP,Mira Kertzmann,Mira,Psychotherapist,312-950-9513x42893,mira@yahoo.com,female,Under 18
R_4VkyJblJtjlpOgR,Miss Dionne Klocko,Miss,Copy,07067565855,miss@yahoo.com,male,55+
R_85GrfC6r3NhQBnf,Skyler Hills,Skyler,"Engineer, electrical",(359)547-8352x7619,skyler@me.com,male,55+
R_1ZYHTyRKKwUEfbv,Carrol Zulauf,Carrol,"Administrator, sports",992.768.7321x9845,carrol@hotmail.com,other,18-34
R_3t1Os4fJmU11ev3,Dr. Mellissa Bosco DDS,Dr,Operational investment banker,00719138428,dr@outlook.com,male,35-54
R_8wgGogUBWBB3mbH,Ezekiel Bogan,Ezekiel,Herpetologist,022.806.6155x78560,ezekiel@outlook.com,male,18-34
R_1LCKCtLfIlc6VuJ,Savannah Crooks,Savannah,"Designer, multimedia",(694)516-6084,savannah@hotmail.com,male,35-54
R_4I5luCLxa1rlTBb,Henrietta Gibson-Kozey,Henrietta,Land,668.238.5994x037,henrietta@hotmail.com,male,35-54
R_eo3eycF8Vv5Udrn,Irwin Dach PhD,Irwin,Geochemist,1-875-309-3348x661,irwin@outlook.com,male,55+
R_5zh7tVT86D76Byl,Bertha Gerlach,Bertha,Environmental manager,288-724-1232,bertha@outlook.com,male,18-34
R_5cfSrvooQyLtxyZ,Winnifred Kozey PhD,Winnifred,Translator,1-060-506-2237x7063,winnifred@outlook.com,male,55+
R_00SIbdYTJY7JBg9,Bertina Roberts,Bertina,Adult guidance worker,(018)986-4160x6738,bertina@gmail.com,male,35-54
R_d7k9r54WbqyjZQN,Kaleena Durgan,Kaleena,Armed forces technical officer,1-181-649-1408,kaleena@gmail.com,male,35-54
R_aeBzBXQkylzwzd3,Raelyn Cummings,Raelyn,Early years teacher,038.757.2337,raelyn@me.com,female,35-54
R_2mJJj1vVZPvGnGZ,Essie Barton MD,Essie,Sales promotion account executive,(549)022-5648x105,essie@yahoo.com,male,35-54
R_3mbx77DuEuPlz1P,Dr. Kasen Reilly II,Dr,Exhibition designer,+26(1)7359518324,dr@gmail.com,male,55+
R_3q7S6LBOXKDulVz,Crockett Kirlin MD,Crockett,Research scientist (medical),935-155-0955x343,crockett@hotmail.com,male,18-34
R_0x3gwnIUiSYiTB3,Ibrahim Jacobson Sr.,Ibrahim,Patent attorney,06780392984,ibrahim@yahoo.com,male,55+
R_cHNTYIoaMcZ04Xr,Garner Walter,Garner,Radiation protection practitioner,1-275-176-6007,garner@gmail.com,female,18-34
R_6VumwOOrhVyiiON,Dr. Finn Gerhold DVM,Dr,"Editor, film/video",157-111-1002,dr@outlook.com,female,35-54
R_bOgrVjFg3CVObeR,Miss Lena Franecki DDS,Miss,Accommodation manager,(486)064-6707,miss@yahoo.com,male,18-34
R_6xLOAx2aPlBpMm9,Spencer Brown,Spencer,General practice doctor,438.408.7647,spencer@me.com,male,18-34
R_6DuXrSyXnykcqah,Milas Crona,Milas,Sports therapist,292-084-2313,milas@hotmail.com,male,35-54
R_3TMzavoZH1MxBBz,Dr. Esmeralda Bogan MD,Dr,"Lighting technician, broadcasting/film/video",(125)554-5344,dr@me.com,female,55+
R_4O3Vuxx7iYkFUuF,Dr. Kiel Powlowski,Dr,Industrial buyer,+02(5)3473379034,dr@me.com,other,55+
R_bvc9WZugvvr7PM1,Effie Schroeder,Effie,Research scientist (physical sciences),722.099.5884,effie@gmail.com,female,35-54
R_9EwX2BtJzzEUk7z,Dr. Zackary Kohler DDS,Dr,Trading standards officer,+99(4)2729130206,dr@gmail.com,other,55+
R_cNmWKrrupRh5o7H,Felix Schaden,Felix,"Surveyor, rural practice",690-770-8059,felix@hotmail.com,female,55+
R_03ctJ81o9u9qNrT,Miss Thresa Pagac,Miss,"Designer, blown glass/stained glass",700-157-7473x22969,miss@yahoo.com,male,35-54
R_1CfPEeF1cQEoabP,Garnett Satterfield Jr.,Garnett,Stage manager,08876846185,garnett@outlook.com,male,18-34
R_7UMiWAMKU0cYpal,Constance Rowe-Armstrong,Constance,Tax adviser,(098)468-9759x564,constance@hotmail.com,male,35-54
R_dcyUzS7QXndUx1j,Ramon Fritsch,Ramon,Freight forwarder,(120)248-5518x835,ramon@hotmail.com,male,35-54
R_7R00KwVPyVmaiDr,German Erdman,German,"Administrator, Civil Service",369.690.3678,german@outlook.com,prefer not to say,35-54
R_2gEbc2S1BS3ryAJ,Elizabeth Rohan,Elizabeth,"Engineer, mining",1-422-372-0755x524,elizabeth@me.com,female,35-54
R_87aF9GGFfHYw0BL,Barrie Renner,Barrie,Solicitor,(212)157-8431x429,barrie@outlook.com,male,35-54
R_09DegZRQCvTDStf,Dr. Anice Haag PhD,Dr,Photographer,1-424-329-9139,dr@hotmail.com,female,55+
R_0AE0HWTdbarSq5D,Dr. Fritz Kertzmann,Dr,"Scientist, water quality",(754)644-2130x7801,dr@gmail.com,male,35-54
R_9Yc0p7w71szMS45,Baron Rowe,Baron,Proofreader,1-110-824-9809x034,baron@hotmail.com,male,18-34
R_6SfzfHyWHftAa4l,Carri Strosin,Carri,Advertising art director,(767)107-5470,carri@outlook.com,other,18-34
R_3pHZ9ohrDH5ZX2l,Fernando Haley,Fernando,Hydrologist,1-032-283-1549,fernando@me.com,prefer not to say,18-34
R_1Ar33yT4QH4Gz2J,Hardie Feil,Hardie,Publishing rights manager,155-831-0157,hardie@me.com,female,35-54
R_7WYTAkr3bYTeT0F,Ceasar Spencer DVM,Ceasar,"Research officer, trade union",475-513-8214x7708,ceasar@hotmail.com,prefer not to say,18-34
R_2aW2pT4mWzkVkwt,Beverley Auer,Beverley,Data processing manager,621.277.2831x65892,beverley@yahoo.com,male,55+
R_dbCuFRjCAv7bpxH,Abdul Stanton,Abdul,Lexicographer,616.434.4005,abdul@hotmail.com,female,35-54
R_2tr1PamHd3drC3r,Tessa Kertzmann,Tessa,Youth worker,616.164.1829,tessa@outlook.com,male,55+
R_9KL6ejlzS2j0pyR,Memphis Barton,Memphis,Physiological scientist,1-817-069-0707x7630,memphis@gmail.com,female,18-34
R_eX01GGRJ78QPP0h,Beverlee Gutkowski,Beverlee,Chartered public finance accountant,1-836-741-0065,beverlee@yahoo.com,female,35-54
R_b8Ue1RMgG2nwZcV,Dr. Bette Rohan,Dr,Data scientist,277.986.2451x048,dr@outlook.com,female,18-34
R_9LwolT6EKQq6bWt,Jerod Altenwerth,Jerod,"Horticulturist, commercial",607.287.4400,jerod@yahoo.com,male,55+
R_0AguYTSDgsgVfdH,Ramiro King,Ramiro,Marketing executive,(617)377-4023x052,ramiro@me.com,other,35-54
R_0vnvYLFxGzM8gh7,Dr. Torry Bernier,Dr,Bonds trader,04896313637,dr@gmail.com,male,35-54
R_bIsKgqzbNuXaIMl,Taj Emard,Taj,"Runner, broadcasting/film/video",999.858.3563x48654,taj@yahoo.com,male,Under 18
R_aggewb22SanWVsV,Clide Marks,Clide,Radiation protection practitioner,1-999-759-5771x38355,clide@me.com,female,18-34
R_d9WFnGhkq3fB2o5,Greg Prohaska Sr.,Greg,Personal assistant,196-160-0598x46713,greg@me.com,male,35-54
R_0SMIbywYgSlj3nL,Margaretha Medhurst,Margaretha,Equality and diversity officer,+48(2)4039745500,margaretha@me.com,other,55+
R_b2AaSi0kmGVWtq5,Waymon Fahey,Waymon,Gaffer,1-814-883-4003,waymon@hotmail.com,female,18-34
R_9LxxUScwDPXXrO5,Corine Gusikowski DVM,Corine,"Production assistant, television",(896)299-9305,corine@gmail.com,male,18-34
R_0lxzIpM9AXmm8EB,Felicitas Corwin,Felicitas,Radiation protection practitioner,(034)099-5964x3476,felicitas@gmail.com,female,35-54
R_bfs2GfBvKcrKiEd,Giana Treutel,Giana,Occupational therapist,+69(8)0807143867,giana@gmail.com,male,35-54
R_9ypCAl2tm9uxYBD,Florene Haley,Florene,Ambulance person,336-056-3088x90652,florene@hotmail.com,male,55+
R_bjSy0aezU6lFXRX,Dr. Vonda Carter DDS,Dr,"Engineer, energy",(281)694-7560,dr@hotmail.com,male,35-54
R_3CyeCLrfEo8yLxr,Phoebe Huels,Phoebe,"Programmer, systems",935.900.5401x599,phoebe@hotmail.com,female,35-54
R_9AZCSSDYS1o1F5j,Celestino Zboncak,Celestino,Industrial/product designer,+20(5)1753136426,celestino@me.com,male,35-54
R_0JS3DNVywxr1Mix,Mr. Elbridge Hauck,Mr,"Therapist, occupational",(016)156-5861x2434,mr@hotmail.com,female,55+
R_6VFTTUR5BC47GkZ,Trinity Gerlach,Trinity,"Programmer, multimedia",254-551-0184,trinity@me.com,female,35-54
R_b9pvS3x019bjBB3,Berry Rogahn-Hansen,Berry,"Engineer, electrical",541-997-8342x0004,berry@me.com,female,35-54
R_eEea5MoXAwNN6DP,Jayleen Pagac,Jayleen,Financial risk analyst,06867579034,jayleen@yahoo.com,female,18-34
R_9KNSQmoycKIrLZr,Regan Considine,Regan,Claims inspector/assessor,(335)379-9636x370,regan@hotmail.com,female,35-54
R_aXxRYI5GQlKMnI1,Mamie Kerluke,Mamie,Television production assistant,+66(1)2176277999,mamie@hotmail.com,male,18-34
R_3CKN8xGS9ZOqbI1,Dr. Alfonse Bergstrom DVM,Dr,"Designer, ceramics/pottery",(534)641-4849x06392,dr@gmail.com,female,18-34
R_8vqhbXv1AkRbxlP,Miss Oneta Friesen,Miss,Primary school teacher,(888)247-2322,miss@me.com,male,55+
R_dj4mV5F0NHclgY5,Ms. Jennette Wehner,Ms,Microbiologist,541.215.1358,ms@me.com,male,55+
R_5j85lgtBHXUg3Vb,Mrs. Gilda Jaskolski DDS,Mrs,Graphic designer,886-055-8152x47661,mrs@hotmail.com,male,35-54
R_el29PvdtMRV5iSx,Trenton Ruecker,Trenton,Lawyer,(373)428-1905x7974,trenton@hotmail.com,male,35-54
R_9NB3PoOW6bO9HJX,Miss Karren Cormier,Miss,Optometrist,(417)679-8052x673,miss@yahoo.com,female,18-34
R_28XSD5dYlQWVdgp,Evelyn Zulauf,Evelyn,Medical sales representative,(194)582-7994x32395,evelyn@outlook.com,male,55+
R_dhanb5njquFr3Eh,Hollis Stamm,Hollis,Pharmacologist,1-064-476-4133x52381,hollis@gmail.com,female,35-54
R_dnm3X3R7WXigg17,Tamika Carroll,Tamika,Trade union research officer,1-875-078-1359x7953,tamika@me.com,female,35-54
R_dbAOvNt2GeIiJ4F,Emmaline Zboncak,Emmaline,Research scientist (medical),(226)980-9653x864,emmaline@yahoo.com,male,18-34
R_5vbTdrMtpXVul5X,Pheobe Bogisich,Pheobe,"Engineer, energy",1-595-901-8335,pheobe@gmail.com,male,35-54
R_1H9tHKyANiyzToh,Kayleigh Gorczany,Kayleigh,"Engineer, petroleum",1-793-890-9287x9253,kayleigh@me.com,male,55+
R_510ifSBmXQPd12Z,Kamila Thompson,Kamila,"Psychologist, clinical",217.135.7363,kamila@hotmail.com,male,35-54
R_dhfPi18wMfGuwLj,Dr. Harper Klein II,Dr,Research scientist (physical sciences),220-750-1991x185,dr@me.com,female,18-34
R_0URfiWRV42CVAXj,Lena Fritsch,Lena,Trade mark attorney,758-150-0751,lena@me.com,male,55+
R_6yWMAM0UpGfRYLH,Miss Angel Lubowitz DVM,Miss,Planning and development surveyor,(535)321-2568,miss@outlook.com,female,55+
R_cBZkES2gDTa9T6Z,Dr. Joyce Harris MD,Dr,Management consultant,947-191-9958x59701,dr@gmail.com,female,35-54
R_6XTRn4KR6CAHDgx,Amalie Cormier DDS,Amalie,Arts administrator,(804)975-1494x713,amalie@hotmail.com,male,18-34
R_bflvh5a1qy8e4wB,Elex Tromp,Elex,Jewellery designer,1-376-084-4293x5651,elex@outlook.com,female,18-34
R_bs97Evouoht4hgh,Windy Kemmer,Windy,"Designer, television/film set",399.396.5407,windy@hotmail.com,male,55+
R_6zERM3Dbyd1NB1b,Alanna Stoltenberg,Alanna,"Education officer, museum",892.096.0821,alanna@hotmail.com,male,55+
R_23QlpyQNHTQulA9,Mickey Reichel,Mickey,Risk manager,(770)769-9382x2286,mickey@outlook.com,female,55+
R_1TBjFTEj8jnoE9D,Lois Schoen,Lois,Fish farm manager,582.757.8602,lois@me.com,male,35-54
R_07WpEr4fFPJtULX,Delmas Paucek,Delmas,Commercial art gallery manager,271-383-8291x70430,delmas@hotmail.com,male,55+
R_9oQzKsMftuULAOh,Miss Luanne Bartoletti,Miss,"Designer, furniture",1-687-633-0769,miss@hotmail.com,male,35-54
R_6D1F132N8FuQH65,Dr. Kristina Schmitt MD,Dr,Prison officer,+27(3)7452501670,dr@gmail.com,male,18-34
R_0jKs0fjdUtLDBQ1,Dr. Shirley Wintheiser Sr.,Dr,Theme park manager,320.948.1686x00309,dr@gmail.com,male,18-34
R_aflWvslpgditIkB,Ela Pacocha,Ela,"Surveyor, mining",09818534910,ela@hotmail.com,prefer not to say,35-54
R_3qvPigB50k3ZugB,Keanna Tremblay-Davis,Keanna,Teaching laboratory technician,+60(7)8200782355,keanna@outlook.com,female,35-54
R_1CdVBoWwBgUZniR,Belton Parker,Belton,Financial trader,782.452.6289,belton@gmail.com,male,55+
R_abcCRxvbVozRQzP,Dr. Orpha Ullrich DVM,Dr,"Designer, fashion/clothing",641.358.7932,dr@me.com,male,35-54
R_8kcy3rLL4c1qTvD,Ms. Monserrat Kuphal DVM,Ms,Public librarian,(608)695-4593x78163,ms@me.com,female,18-34
R_datXeyIE0glcRBb,Ms. Lena Hyatt,Ms,Special educational needs teacher,00879626617,ms@yahoo.com,male,55+
R_7UtJZbSNCO5moct,Gaston Watsica,Gaston,Barrister's clerk,(773)722-5178x7261,gaston@yahoo.com,female,55+
R_emxnR8Mqmd9ifUp,Denis O'Keefe,Denis,"Nurse, mental health",(357)209-6536,denis@yahoo.com,male,35-54
R_0JuPknqBi4HPHqR,Harding Morissette,Harding,"Geologist, wellsite",366-539-6272x23047,harding@hotmail.com,male,55+
R_0xEdh6qCZ7zBFbf,Eber Rosenbaum IV,Eber,Production manager,+42(9)7943462094,eber@me.com,female,55+
R_1He9eOg1mtIin3v,Dr. Elihu Parisian,Dr,Facilities manager,220-842-6414,dr@me.com,male,35-54
R_3JKtcV7uTKJ2yqN,Dr. Ignatz Purdy MD,Dr,Race relations officer,+05(1)8400293020,dr@yahoo.com,male,35-54
R_7UGE72My3XK25et,Chanda Shields,Chanda,"Producer, television/film/video",1-405-503-0940,chanda@me.com,male,18-34
R_byBatw33FDXBTDf,Mr. Danniel Simonis,Mr,Museum/gallery exhibitions officer,1-989-000-2196x87501,mr@me.com,female,18-34
R_bKQY4EBQOGgZbWR,Lorene Klein,Lorene,Nature conservation officer,923-429-3062,lorene@outlook.com,male,35-54
R_aWDDVDPQUVKPSQJ,Demetrius Gerlach-Bartell,Demetrius,Estate manager/land agent,+46(1)1043585408,demetrius@me.com,male,35-54
R_0MLkdKyYbz314pv,Mallie Bernhard,Mallie,"Journalist, magazine",319.560.7698x973,mallie@yahoo.com,prefer not to say,55+
R_0lioVu5nUh5euW1,Rafael Monahan-Bednar,Rafael,Newspaper journalist,1-366-971-7545x494,rafael@gmail.com,female,35-54
R_9KPZkZLLkiCyl3D,Kenton Romaguera,Kenton,Minerals surveyor,(489)406-6259,kenton@outlook.com,male,55+
R_a4qOhfqBM5heEM5,Dwayne Wehner,Dwayne,Financial controller,1-287-125-9613x70353,dwayne@hotmail.com,male,55+
R_0pqEIyJM7yHRVT7,Maynard Simonis,Maynard,Research scientist (maths),050-352-6791,maynard@outlook.com,male,55+
R_3XkjvjaQvQBBwMZ,Texas Wintheiser,Texas,Research scientist (life sciences),1-164-647-2853x82353,texas@me.com,female,18-34
R_1HuLF8BBcwlXj25,Freeda Corkery MD,Freeda,Further education lecturer,1-424-310-6351x8743,freeda@gmail.com,male,35-54
R_ebatYd86cmq7Su1,Ms. Frances Dare DDS,Ms,"Scientist, biomedical",888.974.8223x90412,ms@me.com,male,55+
R_5uWvpKWTxJ0Y8i9,Dr. Jayden Auer,Dr,Marine scientist,194-567-7422x972,dr@gmail.com,female,35-54
R_cYkurmSWUVWYpbn,Dr. Candis Schumm,Dr,Drilling engineer,572.104.5524x99000,dr@gmail.com,male,35-54
R_80oM8Ht5J69lnPD,Walker Schamberger,Walker,"Psychotherapist, dance movement",349.888.4600x52997,walker@me.com,female,55+
R_8fgxrhsbyMC0jBz,Rush Schaefer,Rush,Oceanographer,1-089-632-8570x6165,rush@outlook.com,male,55+
R_5uQ4IvoU62BMJ01,Nikia Keebler-Monahan,Nikia,"Surveyor, commercial/residential",647-720-3711,nikia@outlook.com,female,35-54
R_0TBcgdvgCnMABI9,Harper Osinski,Harper,Sport and exercise psychologist,266.348.0654,harper@outlook.com,male,35-54
R_eypsz9c0VLcRdxr,Meredith Muller,Meredith,"Radiographer, diagnostic",958.246.1268x544,meredith@me.com,other,35-54
R_260QwTYaUyD13Y9,Ryne Gutmann-King,Ryne,Contracting civil engineer,03583264232,ryne@yahoo.com,male,55+
R_6PboNTaJQkDf6YJ,Mr. Shep Stehr I,Mr,"Loss adjuster, chartered",348.519.5410,mr@outlook.com,female,35-54
R_83b7iO84pNzJFpH,Alex Stamm,Alex,Fashion designer,+71(7)2816835761,alex@outlook.com,male,35-54
R_e8ooXsCP6jG1Nbv,Dr. Dian Powlowski,Dr,Government social research officer,(461)641-1308x47050,dr@yahoo.com,male,18-34
R_0CfNo3NiKdnVZlP,Abraham Dibbert,Abraham,Arboriculturist,739-358-6564x146,abraham@yahoo.com,female,55+
R_cIRzIO00FbL2MCh,Ethelene Stracke,Ethelene,"Investment banker, corporate",(309)130-8586x4782,ethelene@yahoo.com,male,18-34
R_eFpn54o1PGmbyxT,Banks Collins DVM,Banks,"Sales professional, IT",830.176.0591x7023,banks@me.com,male,55+
R_57GhthyCaPGu4IZ,Walt Russel,Walt,Aeronautical engineer,1-645-925-3387x68450,walt@gmail.com,male,55+
R_eIHUsrrtuS8aY5L,Serena Hansen,Serena,Exhibition designer,(181)251-1500,serena@gmail.com,male,18-34
R_cGyjG9u2P9aO1kV,Tania Jones,Tania,"Designer, multimedia",848-171-6421x643,tania@outlook.com,other,55+
R_eONqe74dyDovRdz,Bonnie Maggio DDS,Bonnie,Hydrographic surveyor,08896943503,bonnie@hotmail.com,female,55+
R_aXmZSWhNMWpdWLj,Dr. Esau Goyette II,Dr,Fine artist,1-600-271-5964,dr@me.com,male,55+
R_abJc9HYpxSQeUtf,Prentiss Anderson-Grimes,Prentiss,Podiatrist,340-281-9220x77002,prentiss@gmail.com,female,55+
R_beLuhf83TkZxKLz,Mr. Juan Sanford Jr.,Mr,"Merchandiser, retail",989-288-3781x384,mr@gmail.com,male,55+
R_ehdXfGbMO4n4vVH,Amira Cummerata-Ortiz,Amira,Trade union research officer,03122246469,amira@outlook.com,male,18-34
R_bC2qAbPbO1Tk1p3,Lessie Ledner,Lessie,"Scientist, forensic",1-539-549-0064x91099,lessie@gmail.com,female,Under 18
R_01JgTQtgimZmSBn,Devante Langosh,Devante,International aid/development worker,05692870352,devante@hotmail.com,female,55+
R_0GKcqSlTUXsAfUV,Miss Kaylin Macejkovic DVM,Miss,Office manager,(337)847-6158x76829,miss@me.com,male,55+
R_4GEAjRJs6KG0iWh,Dr. Dion Carroll,Dr,Theatre manager,003-352-4666x382,dr@hotmail.com,male,35-54
R_eanDbtJL4Lg4aFL,Benjamine Hilll,Benjamine,Health and safety inspector,082-786-4000,benjamine@outlook.com,male,Under 18
R_9B6oaEBESsjwvtj,Candy Zulauf,Candy,Actor,663-948-2822x148,candy@me.com,male,55+
R_bfJoYxKobzfheMB,Miss Delma McLaughlin,Miss,Occupational psychologist,04427557191,miss@yahoo.com,male,55+
R_dg8Xs5kfyNdfaux,Sincere Feil Sr.,Sincere,Research scientist (life sciences),122-668-3256,sincere@yahoo.com,female,55+
R_4OrkvSWhY3EwKe9,Regan Kuhn,Regan,Charity officer,1-866-597-9024,regan@hotmail.com,female,35-54
R_dn8ziVYtf9jSxzD,Mr. Braden Lowe,Mr,Speech and language therapist,485-868-4095x7029,mr@hotmail.com,female,35-54
R_00wRNxEhZpXQNhP,Stanford Bartoletti,Stanford,"Programme researcher, broadcasting/film/video",(153)913-3991x55141,stanford@hotmail.com,male,35-54
R_1Ih4SaoLl9V29XT,Mr. Bertram Labadie Jr.,Mr,Architectural technologist,(353)270-4713,mr@outlook.com,male,35-54
R_4132MHP34OYWhq5,Mr. Dominick Raynor Jr.,Mr,Engineering geologist,(666)177-0564x51858,mr@yahoo.com,female,18-34
R_3TR9N8dLsaD3h7T,Della Leannon,Della,"Surveyor, hydrographic",(356)455-0299,della@gmail.com,male,18-34
R_824HsxZ4tBnqhpP,Algie DuBuque,Algie,Equality and diversity officer,00362487517,algie@yahoo.com,female,18-34
R_87l1vT9DyALnGXr,Troy Murazik,Troy,Pathologist,+98(1)2921296208,troy@me.com,female,35-54
R_es8EVXxUHrtcaEt,Bertram Schiller,Bertram,Copy,243-224-4492x35982,bertram@yahoo.com,female,18-34
R_0JUjBzAjcH78skJ,Lupe Weissnat IV,Lupe,Industrial/product designer,09343635843,lupe@gmail.com,female,18-34
R_eqyjxzjnheyfasJ,Antwain Schuster,Antwain,"Nurse, mental health",623.375.0352x3509,antwain@outlook.com,female,55+
R_enfUNzh4feFIpxP,Woodie Reinger,Woodie,"Psychologist, sport and exercise",236.347.7180x706,woodie@gmail.com,male,35-54
R_9LHZCkWJWhwFMLb,Julious Fadel,Julious,Chief Operating Officer,1-358-499-9498x73844,julious@yahoo.com,male,55+
R_6nS2XIjUQOExglT,Samuel Stark-Schmidt,Samuel,Marine scientist,1-008-011-4973x36394,samuel@yahoo.com,male,18-34
R_eVu3m2e0mMHzulv,Mae Hand DVM,Mae,Fitness centre manager,(489)003-4726,mae@me.com,female,35-54
R_eKYCBbo8tdknjlX,Garnet Raynor DDS,Garnet,Clinical psychologist,409-492-3786x0944,garnet@outlook.com,male,18-34
R_2cvmsTVvwmtWwiF,Mrs. Brandon McLaughlin DDS,Mrs,Race relations officer,303-043-1998,mrs@yahoo.com,male,55+
R_8J3SzUpNWvbBATX,Mr. Branch Effertz,Mr,Engineering geologist,793.727.9153x616,mr@gmail.com,male,18-34
R_5toynmSr8ML6zkx,Sheryll Douglas,Sheryll,"Psychologist, occupational",891.594.8205x69017,sheryll@outlook.com,prefer not to say,18-34
R_6YyDJPxUJQMriaF,Jordyn Walsh Sr.,Jordyn,"Administrator, local government",1-090-726-9601,jordyn@yahoo.com,prefer not to say,35-54
R_0v25Sy3pMfrNKSN,Hollis Weissnat-Barton,Hollis,Financial trader,+29(7)4160736169,hollis@hotmail.com,male,35-54
R_9YyeGT5k4RWyH8V,Antionette Ferry,Antionette,Police officer,(120)911-1195,antionette@me.com,female,55+
R_3gg0oQjpxvfrKBv,Trula Cremin,Trula,Petroleum engineer,327.226.6874x15801,trula@outlook.com,male,Under 18
R_1B0dPFJ2cffCtLf,Kia Boyle,Kia,Herbalist,(280)647-1142,kia@gmail.com,male,18-34
R_eE7EFzPb4lXK4n3,Arvel Thiel,Arvel,Network engineer,1-952-758-5903,arvel@me.com,prefer not to say,55+
R_eKFDtx2qi6k8WBD,Ronald Leuschke Sr.,Ronald,"Radiographer, diagnostic",1-011-079-6754,ronald@me.com,male,55+
